{
  "type": "object",
  "title": "linktrace",
  "required": [
    "linktrace"
  ],
  "properties": {
    "linktrace": {
      "type": "object",
      "title": "ltprops",
      "required": [
        "remoteMepId"
      ],
      "properties": {
        "remoteMepId": {
          "type": "uint16",
          "minimum": 1,
          "maximum": 8191,
          "description": "remote Mep will be identified by either a MacAddress or a MEPId. This is for Mep Id",
          "example": 20
        },
        "transmitLtmFlags": {
          "type": "string",
          "maxLength": 64,
          "description": "Ltm flags to transmit. The only flag supported is 'use-fdb-only'",
          "example": "use-fdb-only"
        },
        "defaultTtl": {
          "type": "uint16",
          "minimum": 1,
          "maximum": 32767,
          "description": "The time to live of the Ltm packet",
          "example": 64
        }
      }
    }
  }
}